"Block 10, Serenity Park",22.4542117,114.161469,1
"Civic House, Affluence Garden",22.4034907,113.9754389,3
"Pacific House, Affluence Garden",22.4028215,113.9752531,1
"Tower 5, Festival City II",22.3696913,114.1747291,1
"Hiu Fung House, Fung Wah Estate",22.260306,114.231132,11
"Kay Yan House, On Kay Court",22.321502,114.216829,2
1D Nanking Street,22.3058407,114.170924,3
"Hei Tsui House, Wan Tsui Estate",22.262314,114.2384553,2
"Hibiscus House, Ma Tau Wai Estate",22.3235206,114.1866186,2
Harbour Plaza 8 Degrees,22.3229344,114.1906691,1
"Block 3, Sun Yuen Long Centre",22.4453148,114.0356451,11
"Boon Yuet House, Choi Wan (I) Estate",22.334407,114.214532,1
66 Shek Pai Wan Road,22.2494157,114.1483524,1
"Block 7, Metro Harbour View",22.3245493,114.1604704,3
"Block 3, Kai Tak Garden",22.3372444,114.1948158,5
"Wing Hei House, Po Hei Court",22.3372222,114.1594444,7
Nan Yuen Building,22.3075815,114.1668799,1
"Sheung Hing House, Upper Ngau Tau Kok Estate",22.3183326,114.2167127,3
Kap Pin Long New Village,22.386066,114.269009,1
"Tak King House, Tak Tin Estate",22.3109832,114.238053,2
Dao Hing Building,22.2862329,114.1493844,1
"Chuen Shui House, Shui Pin Wai Estate",22.4453068,114.0204145,1
"Ching Yun House, Ching Ho Estate",22.493879,114.1272604,3
"Fu Yuet House, Fu Cheong Estate",22.3277453,114.1554078,1
"Block A, Lux Theatre Building",22.3064514,114.1860576,8
Alva Hotel By Royal,22.3835259,114.2082408,1
Fok Cheong Building,22.2844858,114.2124403,2
"Fung Chak House, Choi Wan (II) Estate",22.3345812,114.2176002,4
61 Prince Edward Road West,22.3232979,114.1649148,3
Hoi Cheung Building,22.370474,114.13803,1
"King Lai House, Shan King Estate",22.3981329,113.9662423,1
Brilliant Court,22.273891,114.174701,3
"Lung Hing House, Lower Wong Tai Sin (II) Estate",22.340515,114.192837,1
"King Yip House, Shan King Estate",22.3987,113.966268,1
Merry Mansion,22.3178635,114.1898697,4
"Hing Tsui House, Hing Wah (I) Estate",22.2627347,114.2348239,1
"Cheong Sin House, Upper Wong Tai Sin Estate",22.3425014,114.1914446,1
Hong Kong Skycity Marriott Hotel,22.319077,113.9437259,2
20 Reclamation Street,22.3066368,114.1692822,7
46 Battery Street,22.3074351,114.1689952,1
254 Yu Chau Street,22.330174,114.16138,1
Lung Wah Building,22.3710141,114.1161821,2
"Kwai Ching House, Kwai Fong Estate",22.3580368,114.1292112,1
19 Pitt street,22.31355,114.168027,1
"Nam Wai House, Nam Shan Estate",22.3347601,114.1711993,1
577 Canton Road,22.3074743,114.1682446,9
"Choi Yan House, Choi Tak Estate",22.330362,114.212154,1
"Block C, Scenery Garden",22.3937661,114.1924472,1
Jet Foil Mansion,22.280387,114.1805113,1
"Tower 2, Phase 2, Tai Hing Garden",22.399056,113.971962,1
Iclub Ma Tau Wai Hotel,22.316178,114.188748,1
Prosper Centre,22.4449895,114.0276748,1
"Shing Tin House, Pak Tin Estate",22.336087,114.1677623,1
"Phase 1, Tsui Yuen Mansion",22.3162068,114.1733984,1
"Hang Tai House, On Tai Estate",22.326666,114.228798,2
"On Mei House, Cheung On Estate",22.3610656,114.1055607,3
Winner Building,22.281075,114.155202,1
26 Reclamation Street,22.3067424,114.1693052,14
"Lucky Mansion,2 Chun Yin Square",22.4472937,114.0231788,1
Iau Keung Building,22.3712181,114.1157176,1
"Yuet Kwai House, Tin Yuet Estate",22.4628478,114.0009937,2
"Tower 1, The Spectra",22.4483597,114.0266292,6
Ming Wai Building,22.3954266,113.9746979,1
"Rear Block, Po Kwong Building",22.3197986,114.1881048,1
"King Tao House, King Lam Estate",22.3209731,114.2600854,5
"Chin Wah House, Lok Wah South Estate",22.3208286,114.2185703,1
"Block 8, Melody Garden",22.3747745,113.9602216,1
"Kit Yat House, Yat Tung (II) Estate",22.282131,113.936648,1
355 Tai Nan Street,22.329705,114.159794,1
19 Pitt Street,22.31355,114.168027,9
120-124A Temple Street,22.3082314,114.1706052,1
229-231 Lockhart Road,22.2786282,114.1756928,2
"Yung Tai House, On Tai Estate",22.326531,114.230037,3
"Block 1, Oi Tak House, Yau Oi Estate",22.3880986,113.9722793,1
"Sin Fu House, Tin Fu Court",22.464608,114.0009008,2
"Tong Fai House, Tong Ming Court",22.3079357,114.2565564,1
"Stage 4, Mei Foo Sun Chuen",22.3356599,114.142157,1
"Wang Yee House, Cheung Wang Estate",22.3556567,114.0950234,1
24 Reclamation Street,22.3067072,114.1692971,7
90 Woosung Street,22.306207,114.1705279,1
"Fu Hing Yuen, Chi Fu Fa Yuen",22.2580109,114.1391301,2
"Tin Cheung House, Tin Ping Estate",22.503885,114.131754,1
Dorsett Wanchai Hotel Hong Kong,22.274559,114.178936,2
Regal Oriental Hotel,22.329917,114.1930472,3
"Chau Kwai House, Kwai Chung Estate",22.36807,114.130215,1
"Block 2, Serene Garden",22.3536246,114.1079371,1
"Block A, Tsing Yi Police Married Quarters",22.3517207,114.1072867,1
"Tak Yam House, On Yam Estate",22.371938,114.142243,7
"Nan Yuen Building, 44-62 Tai Nan Street",22.324766,114.166638,1
"Yan Ching House, Kai Ching Estate",22.333014,114.203245,3
151 Temple Street,22.3073082,114.1702215,4
"Hung Tai House, Ching Tai Court",22.3413651,114.2113587,1
124 Temple Street,22.3081437,114.1705869,2
"Block B, Yick Fung Garden",22.2856701,114.1322537,2
"91 Broadway, Stage 4, Mei Foo Sun Chuen",22.3356599,114.142157,2
"Lai Yeung House, Lai Tsui Court",22.3335277,114.1547903,1
"Kwong Yan House, Kwong Fuk Estate",22.4488917,114.1751006,1
"Yan Shek House, Shek Yam Estate",22.3710199,114.1392441,12
22 Reclamation Street,22.3066873,114.1693208,2
"Tower 2, Lido Garden",22.366227,114.058911,4
Jordan Mansion,22.305828,114.168877,1
"Block 6, Grand Horizon",22.3523399,114.1098648,1
514 Canton Road,22.3061237,114.1681751,1
Kew Green Hotel Wanchai Hong Kong,22.277852,114.170562,1
Fok Kwan Building,22.3260647,114.1633036,1
"12 Nassau Street, Stage 5, Mei Foo Sun Chuen",22.3384504,114.1388029,1
"Kwai Chi House, Kwai Fong Estate",22.360132,114.130441,1
"On Wing Centre, Cheung Chau",22.2122036,114.0284288,1
"Shing Yat House, Kwai Shing East Estate",22.3649148,114.1270746,1
"Block 3, Fung Shing Street Disciplined Services Quarters",22.3378012,114.214739,1
Fuk Hing Tsuen,22.454472,114.026882,1
"Kwai Tsui House, Wan Tsui Estate",22.262314,114.2384553,1
"Tat Sin House, Upper Wong Tai Sin Estate",22.3429839,114.1925633,1
"Ka Sing House, Ka Lung Court",22.2493471,114.1380172,1
Hung Yip Building,22.3270432,114.1655433,1
Po Sing Court,22.284644,114.14718,1
"Chak Yam House, On Yam Estate",22.370404,114.142066,1
"Wai Ming House, Yuk Ming Court",22.3148573,114.2678865,1
"Kai King Lau, Cho Yiu Chuen",22.3468555,114.1286306,1
"Tak Pui House, Tak Long Estate",22.330674,114.2037094,1
315 Nathan Road,22.3061705,114.1712689,4
168 Shanghai Street,22.3071443,114.1698601,1
"Shuk Mei House, Yau Mei Court",22.2980011,114.2389105,1
"Chun Wai House, Tin Ma Court",22.3435024,114.1859684,3
"Kam Shek House, Ping Shek Estate",22.3333338,114.2101965,3
"Chung Hoi House, Tin Chung Court",22.4597219,113.9986706,1
Yue Tak Building,22.3060804,114.167414,12
210 Temple Street,22.3061327,114.1700453,1
"Cheung Yan House, Cheung Sha Wan Estate",22.3346115,114.1563785,1
"Ching Fai House, Tsz Ching Estate",22.3505851,114.2007371,1
462 Nathan Road,22.3106196,114.171297,3
"Lai Sum House, Lai Tsui Court",22.3335277,114.1547903,1
Tin Heung Garden House,22.313536,114.227582,2
10 Hing Yan Street,22.31947,114.194434,2
18 Spring Garden Lane,22.2757572,114.1729625,5
30 Reclamation Street,22.3069895,114.1693403,2
Honour House,22.308267,114.1711064,10
"Chi Tat House, On Tat Estate",22.3206968,114.2344292,1
"Block 1, Venice Garden",22.4976429,114.1277249,3
165 Shanghai Street,22.307335,114.16964,1
Nam Fong House,22.329588,114.163289,4
163 Shanghai Street,22.3072249,114.1696212,1
Hong Kong SkyCity Marriott Hotel,22.319077,113.9437259,2
"Hi Shek House, Shek Mun Estate",22.3866027,114.2091286,1
"Tip Yee House, Butterfly Estate",22.375717,113.9638227,1
15 Pitt Street,22.3136091,114.168064,6
"Block 2, The Grandiose",22.3090272,114.2616214,2
"Yee Wan Court, South Horizons",22.2433828,114.1460938,1
Yuet Chui Court,22.2605983,114.2380049,2
On Tai Mansion,22.299175,114.172306,4
Yuen Shing Building,22.3066276,114.1838553,4
"Ching Chung House, Ching Ho Estate",22.4939059,114.1279199,2
Bridal Tea House Hotel,22.3081731,114.185097,1
"Block B,Prat Mansions",22.2966364,114.1727721,1
18 Luen Yan Street,22.367908,114.1176867,1
Ramada Hong Kong Grand,22.291011,114.1974065,1
"Block N, Kornhill",22.2830285,114.2155982,5
23 Reclamation Street,22.307008,114.16907,2
Top Jade Mansion,22.3084768,114.1688074,7
"Block 14, Locwood Court, Kingswood Villas",22.4512595,114.0012607,1
17 Pitt Street,22.3134486,114.167414,8
"Block 2, The Pinnacle",22.3206899,114.2581584,1
Kensington Plaza,22.306258,114.1709903,10
O'Hotel,22.318175,114.168112,1
"Block 1, Wing Fai Centre",22.5017681,114.1435336,1
Lam Hau Tsuen,22.438517,114.018578,1
"Heng Chui House,Tin Heng Estate",22.4702727,113.9993384,1
Yick Man Building,22.316031,114.1883603,4
"Block 4, Tivoli Garden",22.354453,114.1082158,1
"Block 4, Kingsford Terrace",22.3404147,114.2114418,1
"Ching Man House, Ho Man Tin Estate",22.3148654,114.1823459,1
Hotel Cozi . Oasis,22.3657926,114.1347851,1
Kung Um Road,22.427467,114.0226956,1
45A Reclamation Street,22.3074142,114.1691853,2
South Eastern House,22.311775,114.1694576,1
"Block 2, Charming Garden",22.3143219,114.1631178,6
"Block 13, Richland Gardens",22.3301172,114.2066781,1
Kam Shan Tsuen,22.448024,114.159598,2
"Yiu Fook House, Yiu Tung Estate",22.2777897,114.2217282,2
Tung Chan Wai,22.501166,114.075056,2
"Block B, United Mansion",22.3059767,114.1691789,5
Kam Po Building,22.4452,114.028125,1
1 Temple Street,22.311707,114.1700271,5
Wanchai House,22.2759249,114.1742414,2
"Block A, Shui King Building",22.369405,114.1392077,2
17 Pak Hoi Street,22.3078608,114.1717495,2
"Woo Shui House, Shui Pin Wai Estate",22.4456664,114.0210417,1
Vico Mansion,22.3057489,114.1710688,1
"Tsui Cheung House, Tsui Ping (North) Estate",22.3135723,114.229321,1
21 Pitt Street,22.31355,114.168066,3
"On Hing House, Hing Wah (II) Estate",22.264479,114.234251,1
One Pacific Heights,22.2865817,114.146699,1
Man Fai Building,22.3075319,114.1658116,1
"Block C, Sun Kwai Hing Gardens",22.363058,114.13075,1
"Larkspur House, So Uk Estate",22.3411232,114.1565588,1
Sheung On Mansion,22.306019,114.169289,4
"Block R, Luk Yeung Sun Chuen",22.3740119,114.1186646,3
"Yan Wah House, Lok Wah North Estate",22.3208182,114.2197615,4
18 Ferry Street,22.3063118,114.1673338,1
157 Temple Street,22.3067719,114.1699829,1
"Wan Luen Home For Elderly, Cheong Yuen Building",22.3286581,114.1579159,1
"Ming King House, Lai King Estate",22.3500305,114.1263314,3
Shing Wah Building,22.359303,114.1272507,1
25 Pitt Street,22.313568,114.168143,6
"Hoi Tien Mansion, Taikoo Shing",22.286436,114.2168,4
"Yuet Tin House, Yan Tin Estate",22.414411,113.9766664,1
Kak Tin Village Nam Kau,22.367032,114.183494,12
"Block 2, Greenview Court",22.3702982,114.0980196,3
Thompson Building,22.277265,114.173706,1
"Hing Wah House, Third Street",22.2857499,114.1420078,1
"Block 5, Laguna City",22.3056798,114.2271384,7
"Block 5, Site 11 - Bauhinia Mansions, Whampoa Garden",22.306041,114.191194,1
"On Tai Mansion, 69 Winslow Street",22.3064826,114.1836695,1
"Block 4, Site 3 - Willow Mansions, Whampoa Garden",22.306041,114.191194,2
184 Shanghai Street,22.307509,114.16991,1
"Block B, United Mansion, Yau Ma Tei",22.305739,114.169124,1
Kimberley Hotel,22.3005805,114.1737669,2
"Tak Shan House, Tak Long Estate",22.32985,114.2042924,2
Dorsett Wanchai,22.274559,114.178936,1
"Block 1, Kingsford Terrace",22.3406051,114.210513,1
"Yuen Kwai Building, Whampoa Estate",22.306488,114.187622,1
Apex Horizon Suites,22.3668047,114.1371047,1
"Block B, Shun Lee Building",22.2778,114.173522,1
174 Shanghai Street,22.3072567,114.1698634,1
Po Fung Building,22.2901676,114.1981132,1
Cheong Lok Mansion,22.3076711,114.1831818,4
"Chung Wa House, Tin Chung Court",22.4604586,114.0000824,3
"Shui Yee House, Tin Shui Estate",22.4579627,113.9970909,1
"Choi Wah House, Choi Yuen Estate",22.500838,114.12619,1
Len Shing Mansion,22.2871859,114.2141121,1
"Block 3, Lung Mun Oasis",22.3847347,113.9665087,1
27 Pitt Street,22.3136449,114.1682383,1
Fu Ming Court,22.318175,114.168112,4
139 Woosung Street,22.3050075,114.169922,1
18 Reclamation Street,22.3066373,114.1692746,4
"Bo Lun Building, Yau Ma Tei",22.3071468,114.1689467,1
5-7 Waterloo Road,22.3130609,114.169857,1
Siu Hing Building,22.3055798,114.1698988,2
542-544 Canton Road,22.3067634,114.1683645,1
"Yu Chai House, Yu Chui Court",22.3799295,114.2051592,1
"Ching On House, Tsz Ching Estate",22.349888,114.202634,1
"44 Broadway, Stage 2, Mei Foo Sun Chuen",22.3354667,114.1390583,1
25 Reclamation Street,22.315053,114.168487,1
"Ko Chi House, Ko Yee Estate",22.297491,114.241452,1
68-70 Bute Street,22.3222394,114.1699707,1
Man Cheong Building,22.308113,114.1659974,2
183 Reclamation Street,22.3110378,114.1692108,1
"Siu Keung House, Siu Kwai Court",22.4054267,113.9658671,4
"Block 3, Eldo Court",22.3986569,113.9757874,2
23 Pitt Street,22.313559,114.168105,3
153 Temple Street,22.3072454,114.1700836,4
163 Temple Street,22.307059,114.169996,1
"Block C, Tung Fat Building",22.2901289,114.2002778,2
Kennedy Mansion,22.2823964,114.1266688,1
"Begonia House, So Uk Estate",22.340189,114.157628,1
10-10A Wong Chuk Street,22.3286588,114.1655438,1
"Shek Foon House, Shek Lei (II) Estate",22.364641,114.140808,2
Man Yiu Building,22.3077788,114.1659045,3
Cheung Wan Building,22.2856544,114.153755,2
Man Ying Building,22.3072983,114.1667406,2
159 Woosung Street,22.304531,114.1700127,1
"Block 2, Uptown Plaza",22.4436391,114.1690396,1
"Ning On Mansion, Taikoo Shing",22.2860121,114.2148048,2
"128 Broadway, Stage 8, Mei Foo Sun Chuen",22.3351474,114.1420542,1
28-30 Reclamation Street,22.3069505,114.1693359,1
Shun Fung Building,22.4438492,114.0338412,2
33C Portland Street,22.3126757,114.1699988,3
Orchid Court,22.3143855,114.167832,5
Healey Building,38.9072807,-77.0727208,2
74 Portland Street,22.314056,114.16991,3
"Block D, Chungking Mansions",22.29642,114.172485,2
197 Shanghai Street,22.307825,114.169745,1
42 Temple Street,22.3073082,114.1702215,2
"Block A, Wai Ching Court",22.3063092,114.1674837,4
"Tower 8, Aegean Coast",22.3730544,113.9936527,1
"Block 9, Lynwood Court, Kingswood Villas",22.4603584,114.0041407,3
17 Temple Street,22.311392,114.170085,1
"Sheung Hong House, Upper Ngau Tau Kok Estate",22.3201348,114.2163412,2
"Block D, Luk Yeung Sun Chuen",22.3738436,114.12092,3
"Block A, Sunway Gardens",22.2858779,114.2117669,4
"Block 6, Parc Versailles",22.4526115,114.1545021,2
Cheung Hing Building,22.2827301,114.1539243,2
"Block 3, Prosperous Garden",22.3107703,114.1679481,1
"Yee Man House, Ho Man Tin Estate",22.3162312,114.1825316,4
"Block 4, Willow Mansions, Whampoa Garden",22.3032865,114.1894957,2
"Kam Po Building, Woosung Street",22.3067274,114.1703633,2
Season Mansion,28.417663,-81.581212,3
"David Mansion, Woosung Street",22.3062007,114.1702471,1
571 Canton Road,22.307385,114.168225,1
Yau Lee Building,22.3143499,114.1672282,1
575 Canton Road,34.2367621,-84.4907621,1
"Tower 4, Lido Garden",22.366227,114.058911,2
"Tower 3, Century Gateway",22.394481,113.974301,1
"Po Tak House, Po Lam Estate",22.3265018,114.2554419,1
Lauren Court,22.313862,114.1681107,2
27 Ning Po Street,22.3065905,114.1710899,1
202 Temple Street,22.306297,114.1700634,1
542 Canton Road,22.306705,114.168396,1
223 Yu Chau Street,22.3292237,114.1619334,1
13 Pitt Street,22.313561,114.1678154,3
511 Canton Road,22.306099,114.167887,1
7 Waterloo Road,22.3130609,114.169857,1
"Yee Leung House, Yee Nga Court",22.4547359,114.1739859,1
"Tower 6, The Belcher's",22.2847577,114.1326485,1
"Tin Mei House, Tin Ping Estate",22.5016284,114.133949,1
"Block 3, Melody Garden",22.373368,113.961526,1
"Block H, Allway Gardens",22.3783333,114.1036111,1
"350 Shanghai Street, Yau Ma Tei",22.3130258,114.16952,1
"Block 1, Hibiscus Park",22.3589104,114.124636,1
Bo Lun Building,22.3071468,114.1689467,4
191 Shanghai Street,22.307735,114.169716,1
"Block 5, Belair Monte",22.5015235,114.1446553,1
Tai On House,22.283319,114.221728,2
121 Woosung Street,22.3055917,114.1700841,1
"Hong Nin House, Hong Yat Court",22.3189378,114.1710367,1
Ramada Hong Kong Harbour View,22.2869928,114.1435356,1
"Block 5, Site 11 - Bauhinia Mansions",22.3060392,114.1895213,3
"Tao Tak House, Lei Cheng Uk Estate",22.3395717,114.1589377,1
816 Canton Road,22.313099,114.16858,2
On Hong Building,22.2805487,114.1564993,1
Yen Yin Building,22.3065673,114.1673676,1
161 Castle Peak Road Nin Wong Building,22.2665977,114.1601006,1
"Tower 5, The Spectra",22.4483597,114.0266292,1
47 Reclamation Street,22.3076389,114.1692491,1
"Block A, Shun Lee Building",22.4419761,114.0345149,2
"Tower 8, Park Signature",22.4363246,114.0241401,1
260 Tai Nan Street,22.3283895,114.1619891,1
35 Battery Street,22.3066287,114.1685266,1
"Block 6, Villa Athena",22.4262661,114.2369601,1
95 Kweilin Street,22.3298096,114.1607223,1
"Block 4, Hong Sing Garden",22.454084,114.173457,1
"Yiu Fu House, Yiu Tung Estate",22.2788035,114.2218238,2
"Block 3, The Grandiose",22.3090272,114.2616214,1
Wah Lai Mansion,22.2919356,114.2018285,1
Grand City Hotel,22.2868357,114.1411637,2
"Block 3, Verbena Heights",22.3225934,114.2559063,3
"Block 3, New Jade Garden",22.2635437,114.2370876,1
"Lai Tat House, On Tat Estate",22.3206514,114.2366173,1
"Block 7, Laguna City",22.3066974,114.2267669,1
"Block M3, Yoho Midtown",22.44406,114.035633,2
"Block 3, Seaview Crescent",22.2921309,113.9422621,1
"Tower 2,The Spectra",22.4483597,114.0266292,1
Tsimshatsui Mansion,22.2966364,114.1727721,1
Tung Hei Court,22.2802512,114.2190232,1
678 Shanghai Street,22.3213105,114.1678785,1
"Toa Shue House, Lei Muk Shue Estate",22.3768827,114.1352496,3
155 Queen's Road West,22.2846386,114.1537369,1
"Sheung On Elderly Home, Sheung On Mansion",22.2871079,114.1466499,1
"Oi Lok House, Yau Oi Estate",22.3872586,113.973042,1
The Kimberley Hotel,22.3005805,114.1737669,1
Best Western Plus Hotel Hong Kong,22.2873657,114.1391271,1
Grand House,22.2749121,114.1618406,1
Hing Fat House,22.4427108,114.0275937,1
264 Temple Street,22.304637,114.169726,2
Cheng Hong Building,22.3104807,114.1702007,1
59A Public Square Street,22.3099238,114.1690076,1
"Block 9, Metro Harbour View",22.3245493,114.1604704,2
Shun On Building,22.2836985,114.1299544,1
"Tsui Chung House, Tsui Ping (South) Estate",22.3128412,114.2343596,1
"Tower 4,Greenwood Terrace",22.2674969,114.2350149,1
"Shing Wing House, Yue Shing Court",22.3783249,114.1924518,1
"Sheung Chun House, Sheung Tak Estate",22.311724,114.259006,1
Hang Wan Building,22.2999175,114.1747058,1
31 Tak Ku Ling Road,22.3291503,114.1913442,1
Wah Lai Building,22.278141,114.176093,2
Kong Hing Court,22.278375,114.163304,1
Wing Ming Building,22.3183784,114.2153195,1
"Ocean Waves , Victoria Skye",22.3288661,114.2018629,1
"Block A, Tsim Sha Tsui Mansion",22.2966364,114.1727721,3
"Mei Yeung House, Mei Lam Estate",22.3785376,114.177237,2
Yau Luen Apartments,22.3287743,114.166996,1
Wing Ying Mansion,22.3194662,114.1753044,2
171 Cheung Sha Wan Road,22.3298184,114.163285,3
96 Yen Chow Street,22.332658,114.162104,1
Golden Castle Mansion,22.2889526,114.1952379,1
"Chengtu House, Tsuen Wan Centre",22.3780666,114.1079394,1
High West,22.269196,114.1342742,1
"Lung Shun House, Lower Wong Tai Sin Estate",22.3385919,114.1949783,2
Moonstar Court,22.2761649,114.1684939,3
"Chung Chak House, Tin Chung Court",22.4613802,113.9986706,1
"Block 6, Metro Harbour View",22.3245493,114.1604704,1
"Wah Hei House, Tung Hei Court",22.27978,114.219398,1
"Block 2, Sheffield Villas",22.4363764,113.9956041,1
"Block 2, Jing Hui Garden",22.248167,114.159563,1
"Block 2, Sau Mau Ping Disciplined Services Quarters",22.321177,114.224896,1
Hoi Yuen Mansion,22.3073395,114.1696202,1
5 Woosung Street,22.3082881,114.1708025,1
"Tower 4, Greenwood Terrace",22.2674969,114.2350149,3
Po Sheung Tsuen Lane No.15,22.508527,114.123907,2
Kam Ling Court,22.2859243,114.1343835,1
"Tower 1, Kui Fat Building",22.442954,114.0302407,1
Ho King Building,22.3160478,114.1720016,1
Choi Hung Building,22.3389384,114.1987197,1
Yue Wong Building,22.3169535,114.1714547,1
Peng Lai Court,22.2863116,114.036837,1
25 Un Chau Street,22.3314265,114.1641396,1
"Block A, United Mansion",22.3057841,114.1691557,1
5 Waterloo Road,22.3130128,114.1698671,1
San Hui Market (non-residential),22.3973155,113.9758872,4
Tak Tin Plaza (non-residential),22.3104444,114.2379886,3
Wing On Kowloon Centre (non-residential),22.3073643,114.1710079,3
Shun Lee Shopping Centre (non-residential),22.3309776,114.2261235,2
The LOHAS (non-residential),22.2948541,114.2729928,2
Tung Tat Building (non-residential),22.2867711,114.1371772,2
Lei Yue Mun Plaza Star Seafood Restaurant (non-residential),22.2909948,114.2386074,9
Lei Yue Mun Plaza (non-residential),22.2964001,114.2394189,5
Siu Sai Wan Plaza (non-residential),22.262778,114.2489902,3
Shun Lee Market (non-residential),22.3309776,114.2261235,2
United Christian Hospital (non-residential),22.323232,114.2270078,20
Cathay Pacific Cargo Terminal (non-residential),22.2966708,113.9286868,2
Temple Mall North Tsui Wah Restaurant (non-residential),22.3420921,114.1926942,2
Kowloon City Plaza (non-residential),22.3309857,114.1879624,4
G/F 298D Un Chau Street (non-residential),22.335747,114.1590064,2
Kowloon City Municipal Services Building (non-residential),22.329504,114.1890335,3
MCP One Victoria Harbour Restaurant (non-residential),22.2825275,114.1689867,2
Horae Plaza Happy Together (non-residential),22.3217085,114.1878036,6
The Whampoa (non-residential),22.3040556,114.1898333,2
Kingswood Richly Plaza (non-residential),22.4522537,114.0004029,2
Temple Mall South Mcdonald's (non-residential),22.3413738,114.195371,2
Lei Yue Mun Municipal Services Building (non-residential),22.292192,114.238717,6
K11 Musea (non-residential),22.2943558,114.1745817,4
Tseung Kwan O Plaza (non-residential),22.3090651,114.2624233,5
Hollywood Plaza (non-residential),22.340554,114.2021768,2
Harbour Plaza 8 Degrees Café 8 Degrees (non-residential),22.322865,114.190661,2
The construction sites of Tseung Kwan O – Lam Tin Tunnel (non-residential),22.3045147,114.2348162,20
Planet Square (non-residential),22.3070275,114.1876008,2
Pei Ho Street Municipal Services Building (non-residential),22.3293251,114.1609873,9
St Teresa's Hospital (non-residential),22.3262591,114.184829,3
Homantin Plaza (non-residential),22.315607,114.181553,5
Chuk Yuen Plaza (non-residential),22.3448175,114.1935089,2
Langham Place (non-residential),22.3181483,114.1686851,10
To Kwa Wan Market and Government Offices (non-residential),22.3171467,114.1880584,4
Pioneer Centre Victoria Harbour Restaurant (non-residential),22.3225998,114.1691266,5
One Grand Tower (non-residential),22.317912,114.169191,2
G/F Ho King Building (non-residential),22.3160478,114.1720016,2
G/F Tak Fat Building (non-residential),22.2888576,114.2102917,2
Kwun Chung Municipal Services Building (non-residential),22.3045837,114.1682786,2
Tai Shing Street Market (non-residential),22.3373845,114.1944674,9
Shek Kip Mei Commercial Centre (non-residential),22.3326202,114.1674065,5
Choi Wan Commercial Complex (non-residential),22.3337874,114.2147761,4
Winfield Industrial Building (non-residential),22.3962533,113.9689803,2
Cheung Sha Wan Plaza Tower 2 (non-residential),22.3370311,114.1487108,2
T Town (non-residential),22.4622193,113.9980862,3
Tsing Yi Ambulance Depot (non-residential),22.350581,114.106528,5
Shun Fat House 東方(勝記)飯店 (non-residential),22.4458134,114.0245713,1
Cheong Shing Court (non-residential),22.4833708,114.1386726,1
On Tai Shopping Centre (non-residential),22.4030369,113.9709421,2
Amoy Plaza (non-residential),22.3244614,114.2163021,1
One Exchange Square (non-residential),22.2840347,114.1577759,1
Two Exchange Square (non-residential),22.2840347,114.1577759,1
Tung Yick Market (non-residential),22.4436245,114.0301514,1
Honour Building (non-residential),32.748537,-117.1602521,1
Fung Choy House (non-residential),22.443558,114.0297296,1
Yoho Mall I Brotzeit German Beer (non-residential),22.4431277,114.0363986,1
Yoho Mall II TamJai SamGor (non-residential),22.4457587,114.0352248,1
The Westwood (non-residential),33.1049897,-96.8151111,1
The Westwood Victoria Harbour Restaurant (non-residential),22.2853336,114.133019,1
Sincere Podium (non-residential),22.3198502,114.1706419,1
Dragon Centre KFC (non-residential),22.3310337,114.1599197,1
Tai Yuen Village Lamma Grill (non-residential),22.2260636,114.1116383,1
Citygate Outlets Phase 2 I Ban Janpanese Food (non-residential),22.2894343,113.9408813,1
Hotel ICON (non-residential),22.3008133,114.1796313,1
T Town South Victoria Harbour Restaurant (non-residential),22.2825275,114.1689867,1
Discovery Bay Plaza (non-residential),22.2957732,114.0165822,1
OP Mall (non-residential),30.1855441,-81.73521509999999,1
Ching Long Shopping Centre (non-residential),22.3315451,114.2030178,9
Yeung Uk Road Market (non-residential),22.369075,114.1143802,8
Po On Road Municipal Services Building (non-residential),22.3385076,114.1575455,4
Shin Kwan House Fu Shin Estate (non-residential),22.453701,114.1748428,1
576-584 Queen's Road West A Plus Kitchen (non-residential),22.2862108,114.1333916,1
Shek Tong Tsui Municipal Services Building (non-residential),22.2855473,114.136225,1
Airport Fire Contingent Sub Fire Station (non-residential),22.313535,113.9203289,1
The Whampoa Site 6 Okonomiyaki Dohtonbori Restaurant (non-residential),22.3040556,114.1898333,1
Block 5 Laguna City (non-residential),22.3056798,114.2271384,2
Ching Long Shopping Centre Po Fung Restaurant (non-residential),22.331878,114.202669,1
Aberdeen Centre Shopping Arcade Site 5 TamJai SamGor (non-residential),49.1839465,-123.1341689,1
Marina Square West Centre Genki Sushi (non-residential),22.2438591,114.1467163,1
Wing Lee Building Yuen Kee Restaurant (non-residential),22.2875497,114.1428322,1
Sheraton Hong Kong Hotel & Towers (non-residential),22.2952629,114.1726015,1
Ngau Chi Wan Municipal Services Building (non-residential),22.3345745,114.2088179,19
Princess Margaret Hospital (non-residential),43.6581949,-79.39059329999999,8
Kwong Fuk Commercial Centre (non-residential),22.447503,114.169115,1
Palm Court 食口福生滾麵 (non-residential),22.3951017,113.9753,1
HKSYC&IA Chan Nam Chong Memorial School (non-residential),22.3348069,114.1686912,1
Choi Wan Commercial Complex Phase 2 Cafe de Itamomo (non-residential),22.3333884,114.2154066,1
St Paul's Hospital (non-residential),22.278467,114.1882198,1
Fortune House Ocean Treasure Seafood Restaurant (non-residential),37.8374895,-122.314807,1
G/F Full Win Commercial Centre (non-residential),22.3148953,114.1699917,1
Tin Yan Shopping Centre (non-residential),22.462506,113.996396,1
58-62 Old Main Street Aberdeen 上海天龍樓 (non-residential),22.2476213,114.1561199,1
G/F 60 Conduit Road (non-residential),22.2818668,114.1469428,1
Emmanuel Primary School (non-residential),22.3240398,114.1879302,1
Berkeley Building Honolulu Restaurant (non-residential),37.8374895,-122.314807,1
Wo Yi Plaza (non-residential),22.3658113,114.1371543,1
MCP Discovery Euphoric Banquet (non-residential),22.3224373,114.2568234,3
Lee On Industrial Building (non-residential),22.3147849,114.2176069,1
Choi Ping House Choi Yuen Estate (non-residential),22.5014283,114.1262751,1
110-136 On Ning Road (non-residential),22.4462968,114.0239686,1
Hoi Fu Shopping Centre (non-residential),22.3154488,114.164426,1
Everbright Centre (non-residential),22.2790533,114.1738931,1
Shun Tak Centre Memonry of Spicy (non-residential),22.2877533,114.1519788,1
Tower 1 China Hong Kong City Flame at Towngas Avenue (non-residential),22.3001417,114.1671806,1
MCP Central (non-residential),22.3233143,114.2581878,1
Ford Glory Plaza (non-residential),22.338761,114.146747,1
Kai Hei Land Building (non-residential),22.3884799,113.9800157,1
Laguna Plaza (non-residential),22.3069361,114.2281319,1
Kolour Tsuen Wan (non-residential),22.3706219,114.1177482,2
Onshine Commercial Building (non-residential),22.2480152,114.155431,1
Sunny Building (non-residential),22.2812768,114.1549201,1
Kiangsu Chekiang College (non-residential),22.2870579,114.2004196,1
G/F Yuen Shing Building (non-residential),47.53987499999999,-122.3278045,1
Cheong Hing Building (non-residential),22.2980353,114.1724373,1
G/F Metropole Building Café de Coral (non-residential),43.6628917,-79.39565640000001,1
Yiu Tung Shopping Centre (non-residential),22.2773554,114.2241997,1
Hong Kong Spinners Industrial Building (Phases 1&2) (non-residential),22.3382319,114.1487858,1
Block A Shatin Industrial Centre (non-residential),22.3843322,114.2062222,1
G/F Lok Fu Building Whampoa Estate (non-residential),22.3059234,114.1877639,1
Chan Kee Plaza (non-residential),33.9970799,-117.8551389,2
2 Mei Lun Street Sing Heung Yuen (non-residential),22.284096,114.1525891,1
High Court Building (non-residential),22.278375,114.163304,1
Evangel hospital (non-residential),22.3251652,114.1869162,1
KMB Tuen Mun (South) Depot (non-residential),22.3813697,113.9698167,1
Garment Centre (non-residential),22.339206,114.1498,1
The Quayside (non-residential),22.3165336,114.2137085,1
G/F Sun Ming Building (non-residential),22.3164651,114.168867,1
Kam Hoi Building (non-residential),22.3064032,114.1691982,1
Laguna Arcade (non-residential),22.305544,114.227822,1
Hoover Industrial Building (non-residential),22.3645645,114.1329436,1
Sing Mei Industrial Building (non-residential),22.3672319,114.1339223,1
Sha Tin Methodist College (non-residential),22.3713588,114.1862471,1
Mountainville Court (non-residential),22.40199,114.1966735,1
Dragon Centre (non-residential),22.3310879,114.1597868,1
Temple Mall North (non-residential),22.3413905,114.194272,4
Metroplaza (non-residential),22.3574957,114.1269292,4
Ka Wui Building Tim Ho Wan the Dim-Sum Specialists (non-residential),22.3288949,114.166369,2
Ho Chuck Centre Tamjai Yunnan Mixian (non-residential),24.4752847,101.3431058,1
Kwai Shing West Shopping Centre Lung Shun Hin Seafood Restaurant (non-residential),22.3605772,114.1224997,1
China Overseas Building (non-residential),22.277717,114.172745,1
Fu Tung Plaza (non-residential),22.2888596,113.9424611,1
38 Sheung Heung Road 華園美食 (non-residential),22.3184005,114.1891605,1
Kwai Chun Court (non-residential),22.3645673,114.1319294,1
Kimberley 26 (non-residential),22.3004639,114.1734518,1
Yin Lai Court Shopping Centre (non-residential),22.3486519,114.1264309,1
Delia School of Canada (non-residential),22.2857693,114.2182945,1
New Town Commercial Arcade (non-residential),22.3817578,114.1886372,1
New Town Tower (non-residential),22.3803603,114.1884686,2
Two Harbourfront (non-residential),22.3030525,114.19194,1
VTC Tower (non-residential),22.27648,114.17748,1
Fu Wah Centre Wat Yat Noodles (non-residential),22.3106748,114.2265579,1
G/F Kwai Hing Estate Hing Lok House (non-residential),22.365822,114.132148,2
New Town Plaza 3 (non-residential),22.3817578,114.1886372,1
New Jade Shopping Arcade Sun Wah Yuen Restaurant (non-residential),22.2639913,114.2370739,1
Sun Chui Shopping Centre (non-residential),22.3693641,114.1812707,1
G/F Yi Wo Building (non-residential),22.3673634,114.1393676,1
M/F Phase 1 Belvedere Garden (non-residential),22.373133,114.102877,1
Kut Cheung Building TamJai SamGor (non-residential),22.3725,114.1177778,1
Bo Shing Court 珍寶海南雞專門店 (non-residential),22.2905995,114.2012984,1
North Point Government Offices (non-residential),22.2922788,114.2084053,1
Kung Sheung Mansions (non-residential),22.306019,114.169289,1
G/F 31 Tak Man Street (non-residential),22.3059878,114.1882927,1
Wu Chung House (non-residential),22.2742239,114.1728051,1
G/F Winner Building 八記美食 (non-residential),22.3146593,114.1679952,1
Winner Centre (non-residential),22.2637282,114.2382843,1
One Taikoo Place (non-residential),22.2875071,114.2125681,1
Hung Hom Municipal Services Building (non-residential),22.3074403,114.1872381,12
Leung King Plaza (non-residential),22.4063434,113.9627991,4
G/F Gold Mine Building (non-residential),22.264257,114.240291,2
Hong Kong Baptist Hospital (non-residential),22.3395004,114.1801578,2
Pak Shing Building Café de Coral (non-residential),22.2817398,114.1921221,2
On Tai Mansion (non-residential),22.286403,114.148702,4
Block A Marvel Industrial Building (non-residential),22.3558346,114.1241599,3
Hung Fuk Shopping Centre (non-residential),22.4376959,113.9977378,1
Sheung Shui Slaughterhouse (non-residential),22.5134561,114.1173666,1
Hing Wah Plaza Fairwood (non-residential),22.3390901,114.1548925,1
Hong Kong Sanatorium & Hospital (non-residential),22.269562,114.182962,1
G/F 58 Reclamation street (non-residential),22.3076375,114.1695116,1
Battery Street Public Toilet (non-residential),22.3073244,114.1689415,2
Gascoigne Road Public Toilet (non-residential),22.30821,114.171838,2
Jordan Road Public Toilet (non-residential),22.3073244,114.1689415,2
Lin Cheung Road Public Toilet (non-residential),22.3204347,114.1583148,2
Shanghai Street/Waterloo Road Public Toilet (non-residential),22.312612,114.169321,2
Yau Ma Tei Market Public Toilet (non-residential),22.308687,114.169356,2
47-49 Parkes Street Australia Dairy Company (non-residential),22.3046026,114.1704601,1
64 Chui Tin Street (non-residential),22.3701234,114.1833643,1
Shatin Industrial Centre (non-residential),22.3843322,114.2062222,1
35 Portland Street Gathering Kitchen (non-residential),22.313171,114.169842,1
Rightful Centre (non-residential),22.3049083,114.1724997,1
Tung Chun Commercial Centre (non-residential),22.3153214,114.169086,2
United Building MUTSUKI (non-residential),22.2848985,114.1558781,1
Block 13 Locwood Court (non-residential),22.4512595,114.0012607,1
Kingswood Richly Plaza Daniel's Restaurant (non-residential),22.4522537,114.0004029,1
Greenwood Terrace Commercial Complex Sino Kitchem (non-residential),-37.7919537,145.1697715,1
Kwun Tong Harbour Plaza (non-residential),22.3090118,114.2215809,1
Lu Plaza HOPA House (non-residential),22.3074111,114.2230876,1
G/F Yen Yin Building (non-residential),37.8759016,-122.2500545,1
238 Nathan Road (non-residential),22.3048159,114.1719366,1
Man Wai Building (non-residential),22.3079527,114.1669599,1
Ka Wing Building Ho Choi Seafood Restaurant (non-residential),22.3383658,114.2002727,1
Mai Tak Industrial Building (non-residential),22.3085467,114.2230424,1
Mai Tak Industrial Building 美德茶餐廳 (non-residential),22.308487,114.223134,1
Kinglet Industrial Building (non-residential),22.3759596,114.1808597,1
+WOO Phase One (non-residential),22.308047,113.9184808,1
Kai Tak Garden Shopping Arcade (non-residential),22.338028,114.1942099,3
Yau Ma Tei Market (non-residential),22.3122584,114.1685525,6
Long Ping Commercial Centre (non-residential),22.4502264,114.0232217,2
Chai Wan Municipal Services Building (non-residential),22.2634633,114.2398896,1
G/F Kam Shan Building (non-residential),22.360883,114.1499087,1
Tsuen Fung Centre (non-residential),22.3720028,114.1191781,2
Long Ping Commercial Centre McDonald's (non-residential),22.4502264,114.0232217,1
Kam Wah Building (non-residential),22.3130314,114.1682093,1
Po Fung Building (non-residential),22.32417,114.165871,1
G/F Hiu Fung House (non-residential),22.260306,114.231132,1
G/F Wah Tai Mansion (non-residential),22.263169,114.2359384,1
Shing Hing House New Forest Restaurant (non-residential),22.304732,114.1709903,1
Kit Man House (non-residential),22.4448816,114.0296367,1
Allway Gardens Block H (non-residential),22.3783333,114.1036111,1
Gage Street Refuse Collection Point (non-residential),22.279321,114.154473,1
Immigration Office - West Kowloon Office (non-residential),22.3003491,114.1737427,1
Lai King Estate Market (non-residential),22.3514289,114.1270049,1
Celestial Place Maxim's MX (non-residential),22.2880947,114.1515571,1
Tin Tak House Lung Tin Estate (non-residential),22.2529851,113.8656657,1
G/F Manson House (non-residential),37.8759016,-122.2500545,1
7 Mallory Street (non-residential),22.2801641,114.1708315,1
Kornhill Plaza Office Tower (non-residential),22.285,114.21612,1
G/F Willow Mansions Whampoa Garden (non-residential),22.3040823,114.1888033,2
594-596 Nathan Road Red Tea (non-residential),22.316221,114.1702936,1
G/F Block 2 Lei Muk Shue Estate (non-residential),22.3783386,114.134665,1
Chungking Mansions (non-residential),22.2966364,114.1727721,1
Starlight Garden (non-residential),22.275999,114.168066,1
Argyle Centre (non-residential),22.3189075,114.169012,4
Central Kowloon Route - Central Tunnel (non-residential),22.3160997,114.1821267,10
24 Battery Street (non-residential),22.306858,114.168891,1
Harbourfront Horizon All-Suite Hotel (non-residential),22.300057,114.1844579,2
Cyberport 4 (non-residential),22.2622066,114.1306892,1
Celestial Place Supreme Cuisine 21 (non-residential),22.3188342,114.1861702,1
830 Canton Road 大安茶冰廳 (non-residential),22.3133868,114.1684446,1
Camy House (non-residential),22.3112139,114.1708045,1
Shek Yam Shopping Centre Ming Harbour Restaurant (non-residential),22.371558,114.138583,1
Jardine Center Hungry Korean (non-residential),22.279408,114.1856449,1
Luard Road Refuse Collection Point (non-residential),22.2767096,114.171697,1
Olympian City Two Modern China Restaurant (non-residential),22.316107,114.161662,1
G/F Best-O-Best Commercial Centre (non-residential),22.3075262,114.1676462,1
Yee Fung Garden Kahee Japanese Restaurant (non-residential),22.4416313,114.0249271,2
Amoy Plaza Viet's Choice (non-residential),22.3244614,114.2163021,1
Bank Centre Mall (non-residential),22.3182747,114.1699725,1
G/F Tak Bo Garden (non-residential),22.3272218,114.2146495,1
Ho King Commercial Centre (non-residential),22.3160478,114.1720016,1
Sino Centre (non-residential),22.3163416,114.1703156,1
Coronation Circle (non-residential),22.3094223,114.16561,1
Laguna Plaza Ho Yin Seafood Restaurant (non-residential),22.304323,114.2516967,1
On Yam Shopping Centre Grand Restaurant (non-residential),22.3711838,114.1417988,1
Cullinan West (non-residential),22.3260868,114.1544439,1
G/F Camy House (non-residential),22.3112139,114.1708045,1
Lik Sang Plaza (non-residential),22.3732022,114.1165127,1
Lik Sang Plaza Jollibee (non-residential),22.3732022,114.1165127,1
Wo Hing House Hing Wah (II) Estate Hing Wah Restaurant (non-residential),22.263396,114.235071,1
Fortress Tower (non-residential),22.2885994,114.1943746,1
The Landmark (non-residential),22.280518,114.157939,2
Nam Fung Centre (non-residential),22.3738014,114.1163447,3
Far East Mansion (non-residential),22.295895,114.17288,2
Xing Hua Centre (non-residential),22.3148894,114.1688041,1
Citic Tower Arima Restaurant (non-residential),22.280621,114.167192,1
Block R Luk Yeung Sun Chuen (non-residential),22.3723225,114.1218025,1
Bowring Commercial Centre (non-residential),22.304201,114.170282,1
199 Reclamation Street (non-residential),22.3134847,114.1686749,1
105 Jervois Street Sushi Masa (non-residential),22.2857159,114.1504604,1
Shun Tak Centre West Tower (non-residential),22.2880593,114.1524784,1
Harbourside HQ (non-residential),22.3157881,114.2118799,1
iSQUARE Joyous Gate (non-residential),22.297025,114.1718959,1
Lee Chung Industrial Building (non-residential),22.3365367,114.1991581,1
Delia Memorial School (Glee Path) (non-residential),22.3370184,114.1388759,1
Waldof Shopping Arcade 雲南小鍋米線 (non-residential),22.391902,113.9782,1
Hong Kong International Airport Terminal 1 (non-residential),22.3149715,113.9340063,1
In's Point Ho Choi Seafood Restaurant (non-residential),22.3235259,114.1687752,2
Monterey Place (non-residential),34.0625106,-118.1228476,1
Exchange Square (non-residential),22.2840347,114.1577759,1
Tower 5 The Spectra (non-residential),22.4483597,114.0266292,1
G/F Bo Shing Court Jumbo Hainanese Chicken (non-residential),22.2905832,114.2012132,1
Hung Fuk Wet Market (non-residential),22.4170475,114.2279433,1
East Hong Kong (non-residential),22.3193039,114.1693611,2
Technology Plaza (non-residential),22.2919464,114.2074715,1
Prince Edward ~ The Lamma City (non-residential),22.3246819,114.1680642,1
MTR Yau Ma Tei Station (non-residential),22.3133688,114.1705828,1
127-129 Electric Road (non-residential),22.2858032,114.1914905,1
Galaxy Plaza (non-residential),22.2773933,114.2296162,1
Hanyee Building Hello India Restaurant & Bar (non-residential),22.2968015,114.17095,1
Anchor Street Refuse Collection Point (non-residential),42.3396642,-83.03903249999999,1
27 Pitt Street 勝利超級魚丸 (non-residential),-33.8719886,151.2081772,2
Kai Tin Shopping Centre Delicious Café (non-residential),22.3082273,114.2351489,1
Lok Wah Building Whampoa Estate (non-residential),22.306497,114.188175,1
S.B. Commercial Building (non-residential),22.3112788,114.1712225,2
